repo,specd_pr,unspecd_pr,size_specd,size_unspecd,q_overall,reworked_specd,reworked_unspecd,escaped_specd,escaped_unspecd,strict_escaped_specd,strict_escaped_unspecd
PostHog/posthog,51987,47173,0,0,61.0,False,False,False,False,False,False
PostHog/posthog,49399,51832,1,1,2.0,False,True,False,False,False,False
PostHog/posthog,51809,47923,1,2,32.0,False,True,False,False,False,False
PostHog/posthog,51816,51943,1,2,19.0,False,False,False,False,False,False
PostHog/posthog,47629,51894,1,2,48.0,False,False,False,False,False,False
PostHog/posthog,45946,46443,2,4,28.0,False,False,False,False,False,False
PostHog/posthog,47386,48010,3,5,28.0,False,False,False,False,False,False
PostHog/posthog,52099,50727,4,7,40.0,False,False,False,False,False,False
PostHog/posthog,47231,51685,4,8,47.0,True,False,False,False,False,False
PostHog/posthog,49408,51786,5,9,62.0,False,False,False,False,False,False
PostHog/posthog,52259,46431,7,14,14.0,False,False,False,False,False,False
PostHog/posthog,50545,46477,8,15,65.0,False,False,False,False,False,False
PostHog/posthog,49887,49144,10,19,72.0,False,False,False,False,False,False
PostHog/posthog,48108,47778,12,24,12.0,False,False,False,False,False,False
PostHog/posthog,51888,46452,13,26,66.0,False,False,False,False,False,False
PostHog/posthog,51899,46449,13,26,44.0,False,True,False,True,False,True
PostHog/posthog,48661,48614,14,27,15.0,False,True,False,False,False,False
PostHog/posthog,52014,47190,14,27,27.0,False,False,False,False,False,False
PostHog/posthog,51807,51797,18,36,57.0,True,False,False,False,False,False
PostHog/posthog,46480,47787,19,37,51.0,False,False,False,False,False,False
PostHog/posthog,49280,51931,20,40,34.0,False,False,False,False,False,False
PostHog/posthog,51855,47364,24,48,57.0,False,False,False,False,False,False
PostHog/posthog,48964,46476,25,50,60.0,False,False,False,False,False,False
PostHog/posthog,51823,49589,26,51,83.0,False,False,False,False,False,False
PostHog/posthog,48675,52221,29,58,67.0,False,False,False,False,False,False
PostHog/posthog,52364,48326,36,72,76.0,False,True,False,False,False,False
PostHog/posthog,52160,51952,37,74,47.0,False,False,False,False,False,False
PostHog/posthog,49273,47047,47,93,57.0,False,False,False,False,False,False
PostHog/posthog,47529,51913,50,98,81.0,False,False,False,False,False,False
PostHog/posthog,46548,51947,55,109,42.0,False,False,False,False,False,False
PostHog/posthog,46499,50733,64,127,22.0,True,False,False,False,False,False
PostHog/posthog,46897,51387,69,138,14.0,False,False,False,False,False,False
PostHog/posthog,50901,50034,73,146,59.0,False,False,False,False,False,False
PostHog/posthog,49720,52077,77,153,34.0,False,True,False,False,False,False
PostHog/posthog,52140,51874,118,235,48.0,False,False,False,False,False,False
PostHog/posthog,51919,51928,136,272,71.0,False,False,False,False,False,False
PostHog/posthog,51925,52220,198,391,40.0,False,False,False,False,False,False
PostHog/posthog,52130,46883,236,472,79.0,False,False,False,False,False,False
PostHog/posthog,52162,51915,244,486,75.0,False,False,False,False,False,False
PostHog/posthog,51037,50988,293,578,53.0,False,False,False,False,False,False
PostHog/posthog,52149,52025,309,615,50.0,False,False,False,False,False,False
PostHog/posthog,51533,51800,316,627,48.0,True,True,False,False,False,False
PostHog/posthog,46755,51577,502,1004,47.0,False,False,False,False,False,False
PostHog/posthog,51912,48091,550,1017,49.0,False,False,False,False,False,False
PostHog/posthog,52023,43065,831,1662,84.0,False,False,False,False,False,False
anthropics/anthropic-cookbook,393,181,2,4,1.0,False,False,False,False,False,False
anthropics/anthropic-cookbook,398,238,7,13,65.0,False,False,False,False,False,False
anthropics/anthropic-cookbook,392,326,11,21,62.0,False,False,False,False,False,False
anthropics/anthropic-cookbook,210,332,17,25,52.0,False,False,False,False,False,False
anthropics/anthropic-cookbook,325,301,190,299,7.0,False,False,False,False,False,False
anthropics/anthropic-cookbook,289,258,299,430,51.0,False,False,False,False,False,False
anthropics/anthropic-cookbook,305,206,3091,3750,56.0,True,True,False,False,False,False
antiwork/gumroad,1357,2132,1,1,72.0,False,False,False,False,False,False
antiwork/gumroad,3357,4031,1,2,67.0,False,False,False,False,False,False
antiwork/gumroad,3001,2713,1,2,64.0,False,True,False,False,False,False
antiwork/gumroad,2766,2609,1,2,11.0,False,False,False,False,False,False
antiwork/gumroad,2733,2592,1,2,71.0,False,False,False,False,False,False
antiwork/gumroad,2623,2283,1,2,89.0,True,False,False,False,False,False
antiwork/gumroad,3865,1986,1,2,76.0,False,False,False,False,False,False
antiwork/gumroad,3912,1476,1,2,60.0,False,False,False,False,False,False
antiwork/gumroad,1577,2370,2,3,51.0,False,False,False,False,False,False
antiwork/gumroad,3923,1995,2,3,74.0,False,False,False,False,False,False
antiwork/gumroad,3908,3476,2,4,74.0,True,False,False,False,False,False
antiwork/gumroad,3917,3520,2,4,71.0,False,False,False,False,False,False
antiwork/gumroad,1440,2262,2,4,50.0,False,False,False,False,False,False
antiwork/gumroad,3791,2028,2,4,73.0,False,False,False,False,False,False
antiwork/gumroad,2718,2284,3,6,71.0,False,False,False,False,False,False
antiwork/gumroad,2960,3430,4,8,50.0,False,False,False,False,False,False
antiwork/gumroad,2211,1869,4,8,51.0,False,False,False,False,False,False
antiwork/gumroad,3340,1575,5,9,57.0,False,False,False,False,False,False
antiwork/gumroad,1877,2153,6,11,64.0,False,True,False,False,False,False
antiwork/gumroad,1356,2141,6,11,51.0,False,False,False,False,False,False
antiwork/gumroad,4046,2354,8,15,53.0,False,False,False,False,False,False
antiwork/gumroad,1404,1430,8,15,54.0,False,False,False,False,False,False
antiwork/gumroad,3989,1893,8,16,61.0,False,False,False,False,False,False
antiwork/gumroad,4013,2589,9,18,50.0,False,False,False,False,False,False
antiwork/gumroad,3969,3426,11,22,65.0,False,False,False,False,False,False
antiwork/gumroad,2871,3524,13,26,73.0,False,False,False,False,False,False
antiwork/gumroad,1399,3427,16,31,58.0,True,False,False,False,False,False
antiwork/gumroad,4042,2069,16,31,68.0,False,False,False,False,False,False
antiwork/gumroad,1372,1850,16,31,62.0,False,False,False,False,False,False
antiwork/gumroad,1768,2693,19,38,80.0,False,True,False,False,False,False
antiwork/gumroad,3626,2647,20,40,78.0,False,False,False,False,False,False
antiwork/gumroad,3712,2142,21,42,54.0,False,False,False,False,False,False
antiwork/gumroad,2636,3038,22,44,50.0,False,False,False,False,False,False
antiwork/gumroad,4056,2588,22,44,25.0,False,False,False,False,False,False
antiwork/gumroad,3863,2133,28,56,86.0,False,False,False,False,False,False
antiwork/gumroad,3811,3496,30,60,23.0,False,False,False,False,False,False
antiwork/gumroad,3984,3370,33,66,65.0,False,False,False,False,False,False
antiwork/gumroad,3725,2642,34,68,79.0,True,False,False,False,False,False
antiwork/gumroad,1886,2252,58,116,58.0,False,False,False,False,False,False
antiwork/gumroad,2121,1426,58,116,58.0,False,True,False,False,False,False
antiwork/gumroad,1997,2695,119,235,65.0,False,False,False,False,False,False
antiwork/gumroad,2951,2355,122,237,64.0,False,False,False,False,False,False
antiwork/gumroad,2332,3336,232,458,44.0,False,False,False,False,False,False
apache/arrow,49085,47950,1,2,53.0,False,False,False,False,False,False
apache/arrow,48434,47952,2,4,52.0,False,False,False,False,False,False
apache/arrow,49581,49165,3,5,28.0,False,False,False,False,False,False
apache/arrow,48424,49212,53,106,47.0,False,False,False,False,False,False
apache/arrow,48276,47925,86,172,36.0,False,False,False,False,False,False
apache/arrow,49383,47865,153,303,49.0,False,False,False,False,False,False
apache/arrow,48183,48843,220,434,49.0,False,False,False,False,False,False
apache/arrow,48333,47725,370,728,47.0,False,False,False,False,False,False
apache/kafka,21604,21431,2,3,77.0,False,False,False,False,False,False
apache/kafka,21638,21372,6,12,59.0,True,False,False,False,False,False
apache/kafka,21658,21459,7,14,49.0,False,False,False,False,False,False
apache/kafka,21477,21522,52,99,44.0,False,False,False,False,False,False
apache/kafka,21467,21683,416,808,68.0,False,False,False,False,False,False
astral-sh/ruff,22211,23292,1,1,43.0,False,False,False,False,False,False
astral-sh/ruff,23367,23181,1,1,8.0,False,False,False,False,False,False
astral-sh/ruff,23340,22497,1,1,58.0,False,False,False,False,False,False
astral-sh/ruff,23304,23589,1,2,25.0,False,False,False,False,False,False
astral-sh/ruff,23132,22980,1,2,35.0,False,False,False,False,False,False
astral-sh/ruff,23568,22979,1,2,22.0,False,False,False,False,False,False
astral-sh/ruff,22442,22960,1,2,53.0,False,False,False,False,False,False
astral-sh/ruff,22483,24171,1,2,59.0,False,False,False,False,False,False
astral-sh/ruff,22761,23618,1,2,59.0,True,False,False,True,False,False
astral-sh/ruff,23549,23606,1,2,17.0,False,False,False,False,False,False
astral-sh/ruff,22617,22926,1,2,21.0,False,False,False,False,False,False
astral-sh/ruff,23895,22914,2,2,48.0,False,False,False,False,False,False
astral-sh/ruff,23675,22909,2,2,64.0,False,False,False,False,False,False
astral-sh/ruff,23693,22922,2,2,41.0,False,False,False,False,False,False
astral-sh/ruff,23819,24178,2,3,42.0,False,False,False,False,False,False
astral-sh/ruff,23695,24076,2,4,58.0,False,False,False,False,False,False
astral-sh/ruff,23719,23171,2,4,21.0,False,False,False,False,False,False
astral-sh/ruff,23758,23614,2,4,52.0,False,False,False,False,False,False
astral-sh/ruff,22858,22885,2,4,57.0,False,False,False,False,False,False
astral-sh/ruff,23511,22923,2,4,12.0,False,False,False,False,False,False
astral-sh/ruff,23390,22993,3,5,6.0,False,False,False,False,False,False
astral-sh/ruff,23347,22655,3,5,58.0,False,False,False,False,False,False
astral-sh/ruff,22307,23092,3,6,42.0,False,False,False,False,False,False
astral-sh/ruff,24187,22657,3,6,17.0,False,False,False,False,False,False
astral-sh/ruff,24121,23060,4,7,60.0,False,False,False,False,False,False
astral-sh/ruff,23316,22538,4,7,41.0,False,False,False,False,False,False
astral-sh/ruff,23823,23571,4,8,58.0,False,False,False,False,False,False
astral-sh/ruff,22702,23239,4,8,52.0,False,False,False,False,False,False
astral-sh/ruff,23221,22420,5,10,74.0,False,False,False,False,False,False
astral-sh/ruff,22526,23079,6,11,57.0,False,False,False,False,False,False
astral-sh/ruff,23500,23871,6,12,48.0,False,False,False,False,False,False
astral-sh/ruff,24021,22624,7,13,32.0,False,False,False,False,False,False
astral-sh/ruff,23193,23874,8,16,12.0,False,False,False,False,False,False
astral-sh/ruff,22447,22409,8,16,35.0,False,False,False,False,False,False
astral-sh/ruff,22825,22789,9,17,44.0,False,False,False,False,False,False
astral-sh/ruff,23048,24080,9,18,59.0,False,False,False,False,False,False
astral-sh/ruff,22649,23416,9,18,70.0,False,False,False,False,False,False
astral-sh/ruff,22561,23212,9,18,49.0,False,False,False,False,False,False
astral-sh/ruff,23519,23574,10,19,60.0,False,False,False,False,False,False
astral-sh/ruff,23106,22225,10,19,22.0,True,False,False,False,False,False
astral-sh/ruff,23968,22156,10,20,67.0,False,False,False,False,False,False
astral-sh/ruff,22864,22888,12,23,16.0,False,False,False,False,False,False
astral-sh/ruff,23987,23685,12,24,71.0,False,False,False,False,False,False
astral-sh/ruff,23605,23610,12,24,17.0,False,False,False,False,False,False
astral-sh/ruff,23506,22713,16,32,36.0,False,False,False,False,False,False
astral-sh/ruff,22573,22741,17,34,7.0,False,False,False,False,False,False
astral-sh/ruff,23319,23269,18,36,39.0,False,False,False,False,False,False
astral-sh/ruff,23865,22604,19,38,12.0,False,False,False,False,False,False
astral-sh/ruff,22849,22774,22,44,17.0,False,False,False,False,False,False
astral-sh/ruff,23437,23210,23,45,78.0,False,False,False,False,False,False
astral-sh/ruff,23984,22324,24,47,33.0,False,False,False,False,False,False
astral-sh/ruff,22966,23161,25,50,57.0,False,False,False,False,False,False
astral-sh/ruff,23342,23924,26,51,24.0,False,False,False,False,False,False
astral-sh/ruff,22518,22947,26,52,51.0,False,False,False,False,False,False
astral-sh/ruff,23011,22184,27,53,71.0,False,False,False,False,False,False
astral-sh/ruff,23634,22149,33,65,81.0,False,False,False,False,False,False
astral-sh/ruff,22776,24049,36,71,60.0,False,False,False,False,False,False
astral-sh/ruff,24106,17736,36,71,61.0,False,False,False,False,False,False
astral-sh/ruff,23331,22684,37,73,69.0,False,False,False,False,False,False
astral-sh/ruff,23089,23743,37,74,34.0,False,False,False,False,False,False
astral-sh/ruff,23489,23038,38,75,32.0,False,False,False,False,False,False
astral-sh/ruff,23357,23384,38,76,69.0,True,False,False,False,False,False
astral-sh/ruff,22667,22990,39,78,6.0,False,False,False,False,False,False
astral-sh/ruff,22411,23111,42,84,37.0,False,False,False,False,False,False
astral-sh/ruff,22889,23061,43,86,11.0,False,False,False,False,False,False
astral-sh/ruff,23528,22813,44,87,10.0,False,False,False,False,False,False
astral-sh/ruff,24100,22462,45,90,82.0,False,False,False,False,False,False
astral-sh/ruff,23912,23104,47,94,78.0,False,False,False,False,False,False
astral-sh/ruff,22678,23462,49,98,60.0,False,False,False,False,False,False
astral-sh/ruff,23184,23928,50,99,22.0,False,False,False,False,False,False
astral-sh/ruff,22952,23042,52,104,6.0,False,False,False,False,False,False
astral-sh/ruff,22872,23220,53,105,10.0,False,False,False,False,False,False
astral-sh/ruff,22364,23919,55,109,64.0,False,True,False,False,False,False
astral-sh/ruff,23380,22286,55,110,32.0,False,False,False,False,False,False
astral-sh/ruff,23666,23045,58,116,37.0,False,False,False,False,False,False
astral-sh/ruff,22658,21150,61,121,18.0,False,False,False,False,False,False
astral-sh/ruff,22808,22973,61,121,38.0,False,False,False,False,False,False
astral-sh/ruff,22950,23585,62,123,29.0,False,False,False,False,False,False
astral-sh/ruff,23661,23253,62,124,48.0,False,False,False,False,False,False
astral-sh/ruff,23546,23430,65,130,36.0,False,False,False,False,False,False
astral-sh/ruff,24144,23192,79,157,47.0,False,False,False,False,False,False
astral-sh/ruff,23454,22161,80,160,6.0,False,False,False,False,False,False
astral-sh/ruff,23811,23112,88,176,29.0,False,False,False,False,False,False
astral-sh/ruff,24128,22743,91,181,31.0,False,False,False,False,False,False
astral-sh/ruff,23563,23480,96,192,49.0,False,False,False,False,False,False
astral-sh/ruff,23478,23963,110,219,56.0,False,False,False,False,False,False
astral-sh/ruff,22576,23333,122,244,60.0,False,False,False,False,False,False
astral-sh/ruff,23084,22748,125,248,3.0,False,True,False,False,False,False
astral-sh/ruff,21946,23642,126,252,24.0,False,False,False,False,False,False
astral-sh/ruff,22455,23279,128,254,38.0,False,False,False,False,False,False
astral-sh/ruff,23228,23899,134,268,52.0,False,False,False,False,False,False
astral-sh/ruff,22320,22742,137,273,53.0,False,False,False,False,False,False
astral-sh/ruff,23630,23374,142,284,65.0,False,False,False,False,False,False
astral-sh/ruff,23218,23006,221,432,31.0,False,False,False,False,False,False
astral-sh/ruff,23298,22745,378,745,38.0,False,False,False,False,False,False
astral-sh/ruff,22830,22321,387,772,39.0,False,False,False,False,False,False
astral-sh/ruff,23036,23707,476,948,71.0,False,False,False,False,False,False
astral-sh/ruff,23151,23718,688,1368,61.0,False,False,False,False,False,False
astral-sh/ruff,22943,22975,786,1570,58.0,True,False,False,False,False,False
astral-sh/ruff,23128,23055,791,1574,15.0,False,False,False,False,False,False
astral-sh/ruff,23738,22744,813,1606,50.0,False,False,False,False,False,False
astral-sh/ruff,23755,23649,885,1741,44.0,False,False,False,False,False,False
astral-sh/ruff,23639,23653,1007,2013,67.0,False,False,False,False,False,False
astral-sh/ruff,22469,22974,1418,2834,68.0,False,False,False,False,False,False
astral-sh/ruff,23848,23710,1503,2990,57.0,False,False,False,False,False,False
astral-sh/ruff,23837,23801,6769,12509,58.0,False,False,False,False,False,False
astral-sh/ruff,22875,23714,8800,12509,33.0,True,False,False,False,False,False
biomejs/biome,9590,9504,2,2,32.0,False,False,False,False,False,False
biomejs/biome,9593,9493,2,2,51.0,False,False,False,False,False,False
biomejs/biome,9610,9499,4,4,7.0,False,False,False,False,False,False
biomejs/biome,9599,9404,4,4,58.0,False,False,False,False,False,False
biomejs/biome,9591,9500,6,6,51.0,False,False,False,False,False,False
biomejs/biome,9573,9324,8,8,22.0,False,False,False,False,False,False
biomejs/biome,9603,9442,12,12,4.0,False,False,False,False,False,False
biomejs/biome,9594,9025,12,12,51.0,False,False,False,False,False,False
biomejs/biome,9595,9412,23,23,22.0,False,False,False,False,False,False
biomejs/biome,9614,9528,48,48,45.0,False,False,False,False,False,False
biomejs/biome,9597,9410,76,76,41.0,False,False,False,False,False,False
biomejs/biome,9611,8436,85,85,65.0,False,False,False,False,False,False
biomejs/biome,9605,8799,97,96,10.0,False,False,False,False,False,False
biomejs/biome,9596,9527,100,100,40.0,False,False,False,False,False,False
biomejs/biome,9578,9515,108,108,31.0,False,False,False,False,False,False
biomejs/biome,9598,9353,198,197,47.0,False,True,False,True,False,True
biomejs/biome,9576,8927,230,230,13.0,False,True,False,False,False,False
biomejs/biome,9600,7977,241,241,38.0,False,False,False,False,False,False
biomejs/biome,9575,9345,333,336,5.0,False,True,False,False,False,False
biomejs/biome,9613,8819,358,358,23.0,False,False,False,False,False,False
biomejs/biome,9584,9139,441,441,42.0,False,False,False,False,False,False
biomejs/biome,9587,9564,1221,1221,62.0,False,True,False,False,False,False
biomejs/biome,9582,7973,1222,1219,82.0,False,True,False,False,False,False
biomejs/biome,9588,9076,20998,22006,33.0,False,False,False,False,False,False
calcom/cal.com,28041,27293,1,1,25.0,False,False,False,False,False,False
calcom/cal.com,26778,26824,1,1,49.0,False,False,False,False,False,False
calcom/cal.com,28312,26551,1,1,70.0,False,False,False,False,False,False
calcom/cal.com,26728,26479,1,1,50.0,False,False,False,False,False,False
calcom/cal.com,27512,26162,1,1,54.0,False,False,False,False,False,False
calcom/cal.com,26438,26060,1,1,20.0,False,False,False,False,False,False
calcom/cal.com,26729,26020,1,1,18.0,True,True,False,False,False,False
calcom/cal.com,27248,25699,1,1,30.0,True,False,True,False,True,False
calcom/cal.com,26739,28534,1,2,48.0,False,False,False,False,False,False
calcom/cal.com,28409,28301,1,2,41.0,True,True,False,False,False,False
calcom/cal.com,27835,28284,1,2,64.0,True,False,False,False,False,False
calcom/cal.com,27196,27838,1,2,21.0,False,False,False,False,False,False
calcom/cal.com,26400,27300,1,2,72.0,True,False,False,False,False,False
calcom/cal.com,26837,27233,1,2,45.0,False,False,False,False,False,False
calcom/cal.com,27667,26904,1,2,74.0,False,False,False,False,False,False
calcom/cal.com,26840,26836,1,2,48.0,False,False,False,False,False,False
calcom/cal.com,27426,26591,1,2,74.0,False,False,False,False,False,False
calcom/cal.com,27803,26574,1,2,74.0,False,True,False,False,False,False
calcom/cal.com,26601,26504,1,2,80.0,False,False,False,False,False,False
calcom/cal.com,27816,26453,2,2,73.0,True,False,False,False,False,False
calcom/cal.com,26725,26439,2,2,59.0,False,False,False,False,False,False
calcom/cal.com,27065,26402,2,2,74.0,False,True,False,False,False,False
calcom/cal.com,27068,26376,2,2,72.0,False,True,False,False,False,False
calcom/cal.com,27286,26370,2,2,19.0,False,False,False,False,False,False
calcom/cal.com,27106,26336,2,2,62.0,False,True,False,False,False,False
calcom/cal.com,27855,26342,2,2,56.0,False,False,False,False,False,False
calcom/cal.com,26705,26326,2,2,50.0,False,False,False,False,False,False
calcom/cal.com,27910,26275,2,2,74.0,False,False,False,False,False,False
calcom/cal.com,26703,26272,2,2,76.0,False,False,False,False,False,False
calcom/cal.com,26832,26273,2,2,31.0,False,False,False,False,False,False
calcom/cal.com,26963,26235,2,2,59.0,False,True,False,False,False,False
calcom/cal.com,26660,25697,2,2,49.0,False,False,False,False,False,False
calcom/cal.com,26563,25876,2,2,71.0,False,False,False,False,False,False
calcom/cal.com,27478,26160,2,2,45.0,False,False,False,False,False,False
calcom/cal.com,27814,25718,2,2,67.0,False,False,False,False,False,False
calcom/cal.com,27757,25662,2,2,59.0,False,False,False,False,False,False
calcom/cal.com,27779,25529,2,2,56.0,False,True,False,False,False,False
calcom/cal.com,27516,26055,2,2,60.0,False,False,False,False,False,False
calcom/cal.com,25891,26118,2,2,56.0,False,False,False,False,False,False
calcom/cal.com,26232,26035,2,2,54.0,False,False,False,False,False,False
calcom/cal.com,26233,26051,2,2,52.0,False,False,False,False,False,False
calcom/cal.com,26048,25392,2,2,62.0,False,False,False,False,False,False
calcom/cal.com,27380,26037,2,2,33.0,False,False,False,False,False,False
calcom/cal.com,25870,26021,2,2,57.0,False,False,False,False,False,False
calcom/cal.com,25612,25965,2,2,50.0,False,True,False,False,False,False
calcom/cal.com,25570,25397,2,2,52.0,False,False,False,False,False,False
calcom/cal.com,25521,25101,2,2,66.0,True,False,False,False,False,False
calcom/cal.com,27167,24911,2,2,52.0,False,False,False,False,False,False
calcom/cal.com,25504,24876,2,2,54.0,True,False,False,False,False,False
calcom/cal.com,27274,24825,2,2,87.0,False,True,False,False,False,False
calcom/cal.com,27607,24812,2,2,68.0,False,True,False,False,False,False
calcom/cal.com,27611,24704,2,2,73.0,False,False,False,False,False,False
calcom/cal.com,27313,28096,2,3,86.0,False,False,False,False,False,False
calcom/cal.com,27266,27099,2,3,50.0,False,False,False,False,False,False
calcom/cal.com,27251,26839,2,3,29.0,False,False,False,False,False,False
calcom/cal.com,27653,26334,2,3,14.0,False,True,False,False,False,False
calcom/cal.com,27244,26259,2,3,53.0,False,False,False,False,False,False
calcom/cal.com,27592,26075,2,3,56.0,False,False,False,False,False,False
calcom/cal.com,27177,26905,2,4,72.0,False,False,False,False,False,False
calcom/cal.com,27561,25613,2,4,80.0,False,False,False,False,False,False
calcom/cal.com,27926,26686,2,4,49.0,False,True,False,False,False,False
calcom/cal.com,27502,26460,2,4,56.0,True,False,False,False,False,False
calcom/cal.com,26853,26386,2,4,87.0,False,False,False,False,False,False
calcom/cal.com,26954,26339,2,4,66.0,False,False,False,False,False,False
calcom/cal.com,27382,26268,3,4,52.0,False,False,False,False,False,False
calcom/cal.com,27255,26277,3,4,25.0,False,False,False,False,False,False
calcom/cal.com,26612,26270,3,4,64.0,False,False,False,False,False,False
calcom/cal.com,27252,26237,3,4,74.0,False,False,False,False,False,False
calcom/cal.com,27683,26202,3,4,73.0,False,False,False,False,False,False
calcom/cal.com,27403,26186,3,4,64.0,False,True,False,False,False,False
calcom/cal.com,26791,26119,3,4,50.0,False,False,False,False,False,False
calcom/cal.com,26831,26099,3,4,31.0,True,False,False,False,False,False
calcom/cal.com,27197,26036,3,4,14.0,False,False,False,False,False,False
calcom/cal.com,27153,26002,3,4,48.0,False,False,False,False,False,False
calcom/cal.com,27048,24769,3,4,62.0,False,True,False,False,False,False
calcom/cal.com,27858,24753,3,4,60.0,True,False,False,False,False,False
calcom/cal.com,27357,25584,3,5,78.0,False,True,False,False,False,False
calcom/cal.com,28341,26842,4,5,89.0,False,False,False,False,False,False
calcom/cal.com,27407,26066,4,5,71.0,False,False,False,False,False,False
calcom/cal.com,27348,26405,4,5,56.0,False,True,False,False,False,False
calcom/cal.com,27349,26365,4,5,52.0,False,False,False,False,False,False
calcom/cal.com,25643,26150,4,5,86.0,False,False,False,False,False,False
calcom/cal.com,27902,23774,4,5,60.0,False,False,False,False,False,False
calcom/cal.com,27118,26027,4,5,54.0,False,True,False,False,False,False
calcom/cal.com,26949,25819,4,5,71.0,False,False,False,False,False,False
calcom/cal.com,27924,25577,4,5,67.0,False,False,False,False,False,False
calcom/cal.com,27237,24828,4,5,70.0,False,False,False,False,False,False
calcom/cal.com,27114,24709,4,5,55.0,False,False,False,False,False,False
calcom/cal.com,26767,27447,4,6,71.0,False,False,False,False,False,False
calcom/cal.com,27376,26489,4,6,62.0,False,False,False,False,False,False
calcom/cal.com,26655,26394,4,6,67.0,False,False,False,False,False,False
calcom/cal.com,26815,26380,4,6,50.0,False,False,False,False,False,False
calcom/cal.com,26868,26345,4,6,29.0,False,False,False,False,False,False
calcom/cal.com,26762,26252,4,6,80.0,False,False,False,False,False,False
calcom/cal.com,27176,26212,4,6,73.0,False,False,False,False,False,False
calcom/cal.com,27140,25605,4,6,35.0,False,False,False,False,False,False
calcom/cal.com,27952,23552,4,6,50.0,False,False,False,False,False,False
calcom/cal.com,27425,26087,4,6,43.0,False,False,False,False,False,False
calcom/cal.com,26257,25802,5,6,47.0,True,False,False,False,False,False
calcom/cal.com,26658,25951,5,6,87.0,False,True,False,False,False,False
calcom/cal.com,27682,25883,5,6,29.0,False,False,False,False,False,False
calcom/cal.com,26626,24643,5,6,80.0,False,False,False,False,False,False
calcom/cal.com,28575,26766,5,7,90.0,False,False,False,False,False,False
calcom/cal.com,27609,26251,5,7,50.0,True,True,False,False,False,False
calcom/cal.com,26922,26246,5,7,50.0,False,False,False,False,False,False
calcom/cal.com,27008,25676,5,7,57.0,False,False,False,False,False,False
calcom/cal.com,26576,25949,5,7,48.0,False,False,False,False,False,False
calcom/cal.com,27092,24879,6,7,70.0,False,False,False,False,False,False
calcom/cal.com,27769,28419,6,8,70.0,True,False,False,False,False,False
calcom/cal.com,27694,27983,6,8,80.0,False,False,False,False,False,False
calcom/cal.com,27903,26745,6,8,52.0,False,False,False,False,False,False
calcom/cal.com,27900,26379,6,8,76.0,False,False,False,False,False,False
calcom/cal.com,26689,26364,6,8,70.0,False,False,False,False,False,False
calcom/cal.com,25632,26024,6,8,54.0,False,False,False,False,False,False
calcom/cal.com,26930,25952,6,8,60.0,False,False,False,False,False,False
calcom/cal.com,27430,25831,6,8,77.0,False,True,False,False,False,False
calcom/cal.com,27577,25311,6,8,86.0,False,False,False,False,False,False
calcom/cal.com,26688,25235,6,8,78.0,True,False,False,False,False,False
calcom/cal.com,27359,25061,6,8,86.0,False,False,False,False,False,False
calcom/cal.com,27919,24665,6,8,76.0,True,True,False,False,False,False
calcom/cal.com,23045,26598,6,9,57.0,False,False,False,False,False,False
calcom/cal.com,27631,26596,6,9,23.0,True,False,True,False,True,False
calcom/cal.com,26541,26466,6,9,63.0,False,False,False,False,False,False
calcom/cal.com,26542,25773,7,9,34.0,False,False,False,False,False,False
calcom/cal.com,26589,25958,7,9,80.0,False,False,False,False,False,False
calcom/cal.com,26465,25681,7,9,80.0,True,False,False,False,False,False
calcom/cal.com,27506,25950,7,9,68.0,False,False,False,False,False,False
calcom/cal.com,26796,24977,7,9,65.0,False,False,False,False,False,False
calcom/cal.com,27729,24857,7,9,64.0,False,False,False,False,False,False
calcom/cal.com,27386,24714,7,9,72.0,False,False,False,False,False,False
calcom/cal.com,28319,24613,7,9,76.0,False,False,False,False,False,False
calcom/cal.com,28101,27148,7,10,88.0,False,True,False,False,False,False
calcom/cal.com,27055,27242,7,10,70.0,False,True,False,False,False,False
calcom/cal.com,26698,26384,7,10,78.0,False,False,False,False,False,False
calcom/cal.com,27239,26260,7,10,86.0,False,False,False,False,False,False
calcom/cal.com,27504,26146,7,10,65.0,False,False,False,False,False,False
calcom/cal.com,26771,26097,7,10,78.0,False,False,False,False,False,False
calcom/cal.com,27569,26033,7,10,86.0,False,False,False,False,False,False
calcom/cal.com,26909,25996,8,10,61.0,False,False,False,False,False,False
calcom/cal.com,27481,25274,8,10,79.0,False,False,False,False,False,False
calcom/cal.com,27238,24786,8,10,77.0,False,True,False,False,False,False
calcom/cal.com,27143,27394,8,11,57.0,False,False,False,False,False,False
calcom/cal.com,27314,26547,8,11,68.0,True,False,False,False,False,False
calcom/cal.com,26675,26419,8,11,56.0,False,False,False,False,False,False
calcom/cal.com,26934,25542,8,11,51.0,False,False,False,False,False,False
calcom/cal.com,27249,25977,8,11,72.0,False,False,False,False,False,False
calcom/cal.com,27090,27836,8,12,26.0,False,False,False,False,False,False
calcom/cal.com,26620,26455,8,12,76.0,False,False,False,False,False,False
calcom/cal.com,27916,26170,8,12,88.0,True,False,False,False,False,False
calcom/cal.com,27890,25744,8,12,68.0,False,False,False,False,False,False
calcom/cal.com,27946,25975,8,12,86.0,False,False,False,False,False,False
calcom/cal.com,27164,25842,8,12,73.0,False,False,False,False,False,False
calcom/cal.com,26634,24991,8,12,22.0,False,True,False,False,False,False
calcom/cal.com,26889,27567,8,13,20.0,True,False,False,False,False,False
calcom/cal.com,26582,26617,8,13,69.0,False,False,True,False,False,False
calcom/cal.com,26846,26411,8,13,54.0,False,False,False,False,False,False
calcom/cal.com,27637,25833,8,13,82.0,False,False,False,False,False,False
calcom/cal.com,25874,24818,9,13,59.0,False,False,False,False,False,False
calcom/cal.com,27830,24729,9,13,32.0,True,False,False,False,False,False
calcom/cal.com,27818,27748,9,14,71.0,True,False,False,False,False,False
calcom/cal.com,26122,27256,9,14,52.0,False,True,False,False,False,False
calcom/cal.com,26590,27031,9,14,72.0,False,False,False,False,False,False
calcom/cal.com,27632,26203,9,14,56.0,False,False,False,False,False,False
calcom/cal.com,24044,26321,9,14,44.0,False,False,False,False,False,False
calcom/cal.com,27596,26168,9,14,68.0,False,False,False,False,False,False
calcom/cal.com,27825,26084,9,14,53.0,False,False,False,False,False,False
calcom/cal.com,27749,25987,9,14,82.0,False,False,False,False,False,False
calcom/cal.com,26577,25853,10,14,58.0,False,True,False,False,False,False
calcom/cal.com,27760,25576,10,14,78.0,False,False,False,False,False,False
calcom/cal.com,28097,25538,10,14,54.0,False,False,False,False,False,False
calcom/cal.com,27538,27268,10,15,67.0,False,False,False,False,False,False
calcom/cal.com,27736,26516,10,15,49.0,False,False,False,False,False,False
calcom/cal.com,26948,26393,10,15,78.0,False,True,False,False,False,False
calcom/cal.com,26741,26283,10,15,20.0,True,True,False,False,False,False
calcom/cal.com,26960,26022,11,15,89.0,False,False,False,False,False,False
calcom/cal.com,26706,25982,11,15,70.0,False,False,False,False,False,False
calcom/cal.com,27918,26755,11,16,76.0,False,False,False,False,False,False
calcom/cal.com,27146,26619,11,16,78.0,False,False,False,False,False,False
calcom/cal.com,26550,26017,12,16,30.0,False,False,False,False,False,False
calcom/cal.com,27393,27416,12,17,58.0,False,False,False,False,False,False
calcom/cal.com,27270,26737,12,17,76.0,False,False,False,False,False,False
calcom/cal.com,27045,26396,12,17,72.0,False,False,False,False,False,False
calcom/cal.com,27645,26401,12,17,70.0,False,False,False,False,False,False
calcom/cal.com,27847,26382,12,17,89.0,True,False,False,False,False,False
calcom/cal.com,26549,26131,12,17,13.0,True,False,False,False,False,False
calcom/cal.com,26927,26006,12,17,48.0,False,True,False,False,False,False
calcom/cal.com,27716,26404,12,18,66.0,False,True,False,False,False,False
calcom/cal.com,27139,25582,13,18,56.0,False,True,False,False,False,False
calcom/cal.com,26844,26128,13,18,81.0,False,False,False,False,False,False
calcom/cal.com,26692,25224,13,18,80.0,False,False,False,False,False,False
calcom/cal.com,27347,25090,13,18,49.0,False,False,False,False,False,False
calcom/cal.com,26640,24788,14,18,64.0,True,True,False,False,False,False
calcom/cal.com,26722,26156,14,19,65.0,True,False,False,False,False,False
calcom/cal.com,28469,25418,14,19,46.0,False,False,False,False,False,False
calcom/cal.com,27641,24940,14,19,76.0,False,False,False,False,False,False
calcom/cal.com,26559,27022,14,20,59.0,False,False,False,False,False,False
calcom/cal.com,27086,26699,14,20,68.0,False,False,False,False,False,False
calcom/cal.com,27495,26276,14,20,63.0,False,False,False,False,False,False
calcom/cal.com,27097,25850,14,20,59.0,False,False,False,False,False,False
calcom/cal.com,27194,24999,14,20,67.0,False,False,False,False,False,False
calcom/cal.com,26690,26388,15,21,71.0,True,False,False,False,False,False
calcom/cal.com,28323,26383,15,21,72.0,False,False,False,False,False,False
calcom/cal.com,27917,26058,15,21,55.0,False,False,False,False,False,False
calcom/cal.com,26814,26691,15,22,69.0,False,False,False,False,False,False
calcom/cal.com,27116,26536,15,22,48.0,False,False,False,False,False,False
calcom/cal.com,27260,26478,15,22,64.0,False,False,False,False,False,False
calcom/cal.com,27101,26181,15,22,64.0,False,False,False,False,False,False
calcom/cal.com,26410,26074,16,22,62.0,False,True,False,False,False,False
calcom/cal.com,27556,25734,16,22,66.0,False,False,False,False,False,False
calcom/cal.com,27806,24971,16,22,50.0,False,False,False,False,False,False
calcom/cal.com,27887,26437,17,23,77.0,False,False,False,False,False,False
calcom/cal.com,25478,25355,17,23,66.0,False,False,False,False,False,False
calcom/cal.com,26734,26743,17,24,44.0,False,True,False,True,False,True
calcom/cal.com,26602,26520,17,24,77.0,False,False,False,False,False,False
calcom/cal.com,26667,26174,17,24,75.0,False,False,False,False,False,False
calcom/cal.com,28227,26184,17,24,28.0,True,False,False,False,False,False
calcom/cal.com,26693,25733,17,24,67.0,False,False,False,False,False,False
calcom/cal.com,27262,26161,17,25,47.0,False,True,False,False,False,False
calcom/cal.com,27576,25985,17,25,59.0,False,True,False,False,False,False
calcom/cal.com,26887,25866,18,25,55.0,False,False,False,False,False,False
calcom/cal.com,27601,25318,18,25,68.0,False,False,False,False,False,False
calcom/cal.com,27163,24903,18,25,42.0,False,False,False,False,False,False
calcom/cal.com,26662,26428,18,26,67.0,False,True,False,False,False,False
calcom/cal.com,27421,26289,18,26,74.0,False,False,False,False,False,False
calcom/cal.com,27636,24257,18,26,63.0,False,False,False,False,False,False
calcom/cal.com,27121,27555,18,27,73.0,False,False,False,False,False,False
calcom/cal.com,27315,26959,19,27,80.0,False,False,False,False,False,False
calcom/cal.com,27384,25685,19,27,86.0,True,False,False,False,False,False
calcom/cal.com,26884,27594,19,28,30.0,False,True,False,True,False,True
calcom/cal.com,27501,25500,20,28,41.0,False,False,False,False,False,False
calcom/cal.com,26701,25557,20,28,80.0,True,False,False,False,False,False
calcom/cal.com,26828,25791,20,28,76.0,False,False,False,False,False,False
calcom/cal.com,27849,25333,20,28,10.0,True,False,False,False,False,False
calcom/cal.com,27661,28329,20,29,74.0,False,True,False,False,False,False
calcom/cal.com,28119,26716,20,29,54.0,False,False,False,False,False,False
calcom/cal.com,28260,26515,20,29,86.0,False,False,False,False,False,False
calcom/cal.com,27387,26451,21,29,89.0,False,False,False,False,False,False
calcom/cal.com,28336,26254,21,29,49.0,True,False,False,False,False,False
calcom/cal.com,25814,28394,22,30,78.0,False,False,False,False,False,False
calcom/cal.com,26890,26349,22,30,35.0,False,False,False,False,False,False
calcom/cal.com,27598,26182,23,30,32.0,False,False,False,False,False,False
calcom/cal.com,25403,25896,24,31,76.0,True,False,False,False,False,False
calcom/cal.com,26744,25868,24,31,41.0,False,False,False,False,False,False
calcom/cal.com,27473,24703,24,31,43.0,False,False,False,False,False,False
calcom/cal.com,26638,28244,24,32,27.0,False,False,False,False,False,False
calcom/cal.com,27558,27623,25,32,64.0,False,False,False,False,False,False
calcom/cal.com,27223,25900,25,32,55.0,True,False,False,False,False,False
calcom/cal.com,28573,26245,26,32,86.0,False,False,False,False,False,False
calcom/cal.com,28117,25181,26,32,53.0,True,False,False,False,False,False
calcom/cal.com,27517,25970,26,33,60.0,True,False,False,False,False,False
calcom/cal.com,27864,25923,26,33,76.0,True,False,False,False,False,False
calcom/cal.com,27043,28252,26,34,73.0,True,True,False,False,False,False
calcom/cal.com,26830,24663,27,34,58.0,False,False,False,False,False,False
calcom/cal.com,27793,26113,27,34,70.0,False,False,False,False,False,False
calcom/cal.com,27182,28098,28,35,55.0,False,False,False,False,False,False
calcom/cal.com,27626,26484,28,35,33.0,True,False,False,False,False,False
calcom/cal.com,26713,26127,28,35,71.0,False,False,False,False,False,False
calcom/cal.com,26848,27557,28,36,63.0,True,True,False,False,False,False
calcom/cal.com,27535,25889,29,36,73.0,False,False,False,False,False,False
calcom/cal.com,26999,24201,29,37,69.0,False,True,False,False,False,False
calcom/cal.com,27070,27492,29,37,62.0,False,False,False,False,False,False
calcom/cal.com,27533,26340,29,37,68.0,True,False,False,False,False,False
calcom/cal.com,27234,26313,30,37,58.0,False,False,False,False,False,False
calcom/cal.com,26826,26306,30,37,80.0,True,False,False,False,False,False
calcom/cal.com,27400,26249,30,37,77.0,False,False,False,False,False,False
calcom/cal.com,28576,24960,30,37,83.0,False,False,False,False,False,False
calcom/cal.com,27848,27494,30,38,61.0,False,True,False,False,False,False
calcom/cal.com,28204,26557,30,38,80.0,True,False,False,False,False,False
calcom/cal.com,27463,27897,30,39,69.0,False,False,False,False,False,False
calcom/cal.com,28418,27602,31,39,87.0,False,True,False,False,False,False
calcom/cal.com,27038,27450,31,39,37.0,False,False,False,False,False,False
calcom/cal.com,27157,26413,32,39,65.0,False,False,False,False,False,False
calcom/cal.com,27161,25640,32,39,72.0,False,False,False,False,False,False
calcom/cal.com,28398,27483,32,40,78.0,False,False,False,False,False,False
calcom/cal.com,27351,25701,33,40,7.0,False,False,False,False,False,False
calcom/cal.com,28035,25736,34,40,87.0,False,False,False,False,False,False
calcom/cal.com,28143,25206,34,40,69.0,False,False,False,False,False,False
calcom/cal.com,27381,24943,35,42,64.0,False,False,False,False,False,False
calcom/cal.com,26565,27873,35,43,34.0,True,False,False,False,False,False
calcom/cal.com,26749,22367,35,43,76.0,False,False,False,False,False,False
calcom/cal.com,26748,26761,36,44,49.0,False,False,False,False,False,False
calcom/cal.com,27627,25782,36,45,47.0,False,False,False,False,False,False
calcom/cal.com,25696,25639,37,45,65.0,False,True,False,False,False,False
calcom/cal.com,25467,25272,37,45,73.0,False,False,False,False,False,False
calcom/cal.com,27433,26507,38,46,19.0,False,False,False,False,False,False
calcom/cal.com,26754,26482,38,46,78.0,False,False,False,False,False,False
calcom/cal.com,26802,26300,38,46,50.0,True,False,False,False,False,False
calcom/cal.com,27413,26278,39,46,80.0,False,True,False,False,False,False
calcom/cal.com,27171,27230,39,47,56.0,True,False,False,False,False,False
calcom/cal.com,26592,27190,39,47,80.0,False,True,False,False,False,False
calcom/cal.com,26758,25091,40,47,68.0,False,False,False,False,False,False
calcom/cal.com,27046,26683,40,49,80.0,False,False,False,False,False,False
calcom/cal.com,27941,26155,41,50,56.0,False,False,False,False,False,False
calcom/cal.com,27775,26296,41,51,81.0,True,True,False,False,False,False
calcom/cal.com,26558,26189,42,51,10.0,False,False,False,False,False,False
calcom/cal.com,27837,27422,43,52,80.0,False,True,False,False,False,False
calcom/cal.com,27717,25945,44,52,27.0,False,True,False,False,False,False
calcom/cal.com,26891,25726,44,53,62.0,False,False,False,False,False,False
calcom/cal.com,27431,27851,46,54,67.0,False,False,False,False,False,False
calcom/cal.com,26944,26343,47,54,67.0,False,False,False,False,False,False
calcom/cal.com,27013,26208,48,54,87.0,False,False,False,False,False,False
calcom/cal.com,26952,26250,48,55,70.0,False,False,False,False,False,False
calcom/cal.com,27840,26375,49,57,6.0,False,False,False,False,False,False
calcom/cal.com,28029,26158,49,57,76.0,True,False,False,False,False,False
calcom/cal.com,27629,26138,51,57,66.0,False,False,False,False,False,False
calcom/cal.com,27306,26320,52,58,27.0,False,True,False,False,False,False
calcom/cal.com,27560,25650,54,58,79.0,False,False,False,False,False,False
calcom/cal.com,23654,25963,54,59,41.0,False,False,False,False,False,False
calcom/cal.com,27872,26331,55,59,80.0,False,False,False,False,False,False
calcom/cal.com,25638,26344,55,61,66.0,False,False,False,False,False,False
calcom/cal.com,27604,26534,55,62,57.0,False,False,False,False,False,False
calcom/cal.com,27862,25966,55,62,87.0,False,False,False,False,False,False
calcom/cal.com,26714,26312,55,63,26.0,False,False,False,False,False,False
calcom/cal.com,27500,26269,56,63,77.0,False,False,False,False,False,False
calcom/cal.com,26616,27869,57,64,70.0,False,False,False,False,False,False
calcom/cal.com,27294,25525,57,64,19.0,False,False,False,False,False,False
calcom/cal.com,26855,25822,58,66,50.0,False,False,False,False,False,False
calcom/cal.com,26941,25619,58,66,64.0,False,False,False,False,False,False
calcom/cal.com,27640,25450,59,66,71.0,False,True,False,True,False,True
calcom/cal.com,27498,26107,60,67,49.0,False,False,False,False,False,False
calcom/cal.com,27155,26353,60,68,58.0,False,True,False,False,False,False
calcom/cal.com,27772,25992,60,68,89.0,False,False,False,False,False,False
calcom/cal.com,27221,25413,60,68,67.0,True,False,False,False,False,False
calcom/cal.com,27758,27419,61,69,76.0,False,False,False,False,False,False
calcom/cal.com,26851,27052,62,69,69.0,True,False,False,False,False,False
calcom/cal.com,26972,25864,62,70,44.0,True,True,False,False,False,False
calcom/cal.com,27125,25128,63,70,50.0,False,True,False,False,False,False
calcom/cal.com,27579,28486,65,71,59.0,False,False,False,False,False,False
calcom/cal.com,27424,26377,66,71,53.0,False,False,False,False,False,False
calcom/cal.com,28140,25679,66,71,77.0,False,False,False,False,False,False
calcom/cal.com,26732,25547,67,74,77.0,False,True,False,False,False,False
calcom/cal.com,25973,26244,68,76,74.0,False,False,False,False,False,False
calcom/cal.com,27503,25559,70,77,65.0,False,False,False,False,False,False
calcom/cal.com,26700,26461,70,78,12.0,False,True,False,False,False,False
calcom/cal.com,25901,26105,72,78,78.0,True,False,False,False,False,False
calcom/cal.com,28053,25326,72,78,40.0,False,False,False,False,False,False
calcom/cal.com,27113,26372,74,79,53.0,False,True,False,False,False,False
calcom/cal.com,27219,26094,75,79,80.0,False,False,False,False,False,False
calcom/cal.com,26615,25127,76,79,79.0,False,False,False,False,False,False
calcom/cal.com,26721,26897,77,80,43.0,False,False,False,False,False,False
calcom/cal.com,27333,27145,77,81,66.0,False,False,False,False,False,False
calcom/cal.com,26702,24630,77,81,80.0,True,False,True,False,True,False
calcom/cal.com,26823,28083,78,82,73.0,True,False,True,False,True,False
calcom/cal.com,26920,27518,79,82,68.0,True,False,False,False,False,False
calcom/cal.com,26414,26258,79,82,78.0,False,False,False,False,False,False
calcom/cal.com,27309,25204,79,82,71.0,False,True,False,False,False,False
calcom/cal.com,27363,25093,79,82,80.0,False,False,False,False,False,False
calcom/cal.com,27091,27660,80,83,70.0,False,False,False,False,False,False
calcom/cal.com,27522,25203,80,84,62.0,False,True,False,False,False,False
calcom/cal.com,27892,26314,81,84,52.0,False,False,False,False,False,False
calcom/cal.com,27341,25981,82,86,62.0,False,False,False,False,False,False
calcom/cal.com,26812,27964,83,87,68.0,False,False,False,False,False,False
calcom/cal.com,27794,27487,83,88,22.0,True,False,False,False,False,False
calcom/cal.com,28203,25621,84,88,86.0,False,True,False,False,False,False
calcom/cal.com,26971,26136,84,89,25.0,False,True,False,False,False,False
calcom/cal.com,27961,27094,89,91,66.0,False,False,False,False,False,False
calcom/cal.com,27834,26514,91,91,62.0,True,False,False,False,False,False
calcom/cal.com,26961,26171,91,91,64.0,False,False,False,False,False,False
calcom/cal.com,26718,25688,92,92,57.0,True,False,False,False,False,False
calcom/cal.com,26635,28144,96,95,70.0,False,False,False,False,False,False
calcom/cal.com,27217,26781,99,99,86.0,False,False,False,False,False,False
calcom/cal.com,26503,27100,100,100,64.0,False,False,False,False,False,False
calcom/cal.com,27909,27133,103,103,81.0,True,False,False,False,False,False
calcom/cal.com,27021,25610,103,103,67.0,True,True,False,False,False,False
calcom/cal.com,26983,25769,103,103,28.0,False,True,False,False,False,False
calcom/cal.com,26717,27832,103,104,56.0,True,False,False,False,False,False
calcom/cal.com,26774,26528,104,106,72.0,False,True,False,True,False,True
calcom/cal.com,26834,26623,104,102,49.0,False,False,False,False,False,False
calcom/cal.com,26935,26183,105,106,75.0,False,False,False,False,False,False
calcom/cal.com,27765,26114,105,106,85.0,False,False,False,False,False,False
calcom/cal.com,27908,28046,107,107,60.0,False,False,False,False,False,False
calcom/cal.com,26945,27285,107,108,49.0,False,False,False,True,False,False
calcom/cal.com,27231,26910,108,109,63.0,True,True,False,False,False,False
calcom/cal.com,26498,26286,108,110,72.0,True,False,False,False,False,False
calcom/cal.com,27291,26285,108,110,69.0,False,False,False,False,False,False
calcom/cal.com,26618,24669,109,110,72.0,False,False,False,False,False,False
calcom/cal.com,27379,26849,111,111,76.0,False,True,False,False,False,False
calcom/cal.com,27931,26633,112,112,89.0,False,False,False,False,False,False
calcom/cal.com,27972,27018,115,116,49.0,False,False,False,False,False,False
calcom/cal.com,27175,26115,117,117,68.0,True,False,False,False,False,False
calcom/cal.com,26511,26980,118,118,11.0,False,False,False,False,False,False
calcom/cal.com,27733,26329,118,118,45.0,False,False,False,False,False,False
calcom/cal.com,27782,27705,119,119,78.0,False,False,False,False,False,False
calcom/cal.com,26939,27319,120,121,49.0,False,False,False,False,False,False
calcom/cal.com,27210,26016,121,121,64.0,False,False,False,False,False,False
calcom/cal.com,27385,24986,122,121,54.0,True,False,False,False,False,False
calcom/cal.com,26694,26473,123,125,51.0,False,False,False,False,False,False
calcom/cal.com,24282,26009,124,126,50.0,False,False,False,False,False,False
calcom/cal.com,27181,26707,125,129,63.0,False,False,False,False,False,False
calcom/cal.com,28342,26293,127,129,76.0,False,True,False,False,False,False
calcom/cal.com,27183,26121,127,131,68.0,True,False,False,False,False,False
calcom/cal.com,27307,26032,133,133,56.0,False,False,False,False,False,False
calcom/cal.com,27071,26981,135,137,72.0,False,False,False,False,False,False
calcom/cal.com,26527,26389,135,132,60.0,True,False,False,False,False,False
calcom/cal.com,28039,25485,136,132,61.0,False,False,False,False,False,False
calcom/cal.com,26942,26587,137,141,55.0,False,True,False,False,False,False
calcom/cal.com,27184,26750,139,142,59.0,False,False,False,False,False,False
calcom/cal.com,26915,27033,140,146,47.0,False,False,False,False,False,False
calcom/cal.com,27332,26497,141,146,68.0,False,True,False,False,False,False
calcom/cal.com,25771,27612,143,147,71.0,False,False,False,False,False,False
calcom/cal.com,27655,24939,143,147,51.0,True,False,False,False,False,False
calcom/cal.com,26838,27922,147,149,72.0,False,True,False,False,False,False
calcom/cal.com,26773,25285,148,149,12.0,False,True,False,False,False,False
calcom/cal.com,27532,26247,148,151,12.0,False,True,False,False,False,False
calcom/cal.com,26892,25642,148,152,52.0,False,True,False,False,False,False
calcom/cal.com,26727,25490,148,158,60.0,False,False,False,False,False,False
calcom/cal.com,26835,26816,148,161,80.0,True,False,False,False,False,False
calcom/cal.com,27933,28527,149,163,53.0,True,False,False,False,False,False
calcom/cal.com,27938,27080,149,163,29.0,False,False,False,False,False,False
calcom/cal.com,27265,26784,151,163,20.0,False,True,False,False,False,False
calcom/cal.com,27490,25652,153,166,81.0,True,False,False,False,False,False
calcom/cal.com,26305,26636,154,167,70.0,False,True,False,False,False,False
calcom/cal.com,26833,26357,155,168,55.0,True,False,False,False,False,False
calcom/cal.com,28426,27486,158,170,52.0,False,False,False,False,False,False
calcom/cal.com,28152,26964,158,170,80.0,False,False,False,False,False,False
calcom/cal.com,27613,27032,161,173,58.0,False,False,False,False,False,False
calcom/cal.com,27491,26711,162,174,70.0,True,False,False,False,False,False
calcom/cal.com,26555,26298,163,174,84.0,False,False,False,False,False,False
calcom/cal.com,26782,26622,163,181,86.0,True,False,False,False,False,False
calcom/cal.com,27364,25898,163,181,68.0,False,False,False,False,False,False
calcom/cal.com,26899,25615,165,185,72.0,True,False,False,False,False,False
calcom/cal.com,27656,27813,167,187,78.0,False,False,False,False,False,False
calcom/cal.com,26216,27222,169,187,71.0,False,True,False,False,False,False
calcom/cal.com,27455,26374,171,188,78.0,False,False,False,False,False,False
calcom/cal.com,27625,27330,172,190,81.0,False,True,False,False,False,False
calcom/cal.com,26875,27860,174,193,14.0,True,False,False,False,False,False
calcom/cal.com,26719,27468,178,195,56.0,False,False,False,False,False,False
calcom/cal.com,26879,26310,178,199,38.0,True,False,False,False,False,False
calcom/cal.com,27894,25585,179,203,80.0,False,False,False,False,False,False
calcom/cal.com,26061,24771,179,204,52.0,False,True,False,False,False,False
calcom/cal.com,26629,26991,185,206,67.0,True,True,False,False,False,False
calcom/cal.com,27144,27854,187,207,69.0,False,False,False,False,False,False
calcom/cal.com,24689,26628,189,207,62.0,False,True,False,False,False,False
calcom/cal.com,27883,26038,193,209,68.0,False,False,False,False,False,False
calcom/cal.com,28320,27630,193,210,74.0,False,False,False,False,False,False
calcom/cal.com,27689,25962,194,211,71.0,False,False,False,False,False,False
calcom/cal.com,28239,24755,197,211,86.0,False,False,False,False,False,False
calcom/cal.com,27047,27850,198,213,60.0,False,False,False,False,False,False
calcom/cal.com,26736,26426,198,214,78.0,False,False,False,False,False,False
calcom/cal.com,26871,24735,198,217,61.0,False,False,False,False,False,False
calcom/cal.com,25440,24784,200,219,69.0,False,False,False,False,False,False
calcom/cal.com,27227,26330,201,220,53.0,True,False,False,False,False,False
calcom/cal.com,27802,26327,203,222,75.0,False,False,False,False,False,False
calcom/cal.com,26621,26866,206,223,66.0,False,False,False,False,False,False
calcom/cal.com,26924,26829,206,223,32.0,False,True,False,False,False,False
calcom/cal.com,26896,25232,206,228,73.0,True,False,True,False,True,False
calcom/cal.com,27675,26546,207,229,53.0,True,True,False,False,False,False
calcom/cal.com,27243,26050,208,229,59.0,True,False,False,False,False,False
calcom/cal.com,26751,25593,208,231,52.0,False,False,False,False,False,False
calcom/cal.com,26530,26062,210,235,50.0,False,False,False,False,False,False
calcom/cal.com,26148,28100,212,237,78.0,True,False,False,False,False,False
calcom/cal.com,26431,27019,214,237,65.0,False,False,False,False,False,False
calcom/cal.com,28440,25146,215,237,31.0,False,False,False,False,False,False
calcom/cal.com,27107,27620,215,238,64.0,False,False,False,False,False,False
calcom/cal.com,27674,27712,216,241,74.0,False,False,False,False,False,False
calcom/cal.com,27012,25177,218,243,31.0,False,False,True,False,False,False
calcom/cal.com,28441,24791,219,244,31.0,False,False,False,False,False,False
calcom/cal.com,27170,25084,219,244,47.0,False,False,False,False,False,False
calcom/cal.com,26525,26292,219,246,22.0,False,True,False,False,False,False
calcom/cal.com,28442,25807,221,246,44.0,False,False,False,False,False,False
calcom/cal.com,27191,27833,225,247,65.0,False,False,False,False,False,False
calcom/cal.com,27511,25830,225,247,62.0,True,False,False,False,False,False
calcom/cal.com,26876,27062,227,253,80.0,False,False,False,False,False,False
calcom/cal.com,26926,25838,228,256,67.0,False,False,False,False,False,False
calcom/cal.com,26985,26415,236,257,75.0,False,False,False,False,False,False
calcom/cal.com,26800,23118,242,258,77.0,False,False,False,False,False,False
calcom/cal.com,28439,26166,253,259,52.0,False,False,False,False,False,False
calcom/cal.com,28569,26568,258,266,89.0,False,False,False,False,False,False
calcom/cal.com,27074,26025,259,266,72.0,True,True,False,False,False,False
calcom/cal.com,26795,27690,261,268,68.0,False,False,False,False,False,False
calcom/cal.com,27085,26624,261,268,68.0,False,False,False,False,False,False
calcom/cal.com,27142,26172,274,276,78.0,False,False,False,False,False,False
calcom/cal.com,27800,24889,278,277,41.0,False,True,False,False,False,False
calcom/cal.com,27526,26584,289,289,79.0,False,False,False,False,False,False
calcom/cal.com,26552,26308,290,292,49.0,False,True,False,False,False,False
calcom/cal.com,27807,25629,291,297,50.0,False,False,False,False,False,False
calcom/cal.com,27891,25513,292,299,89.0,False,True,False,False,False,False
calcom/cal.com,26604,26759,293,300,58.0,True,True,False,False,False,False
calcom/cal.com,24275,26157,294,300,78.0,False,True,False,False,False,False
calcom/cal.com,26858,27192,295,302,37.0,False,True,False,False,False,False
calcom/cal.com,27865,27752,296,306,52.0,False,False,False,False,False,False
calcom/cal.com,28129,27508,297,306,86.0,True,False,False,False,False,False
calcom/cal.com,26566,27603,298,309,32.0,False,True,False,False,False,False
calcom/cal.com,26064,26110,300,309,67.0,True,False,False,False,False,False
calcom/cal.com,26644,25644,303,313,69.0,False,False,False,False,False,False
calcom/cal.com,27896,27340,308,316,16.0,False,True,False,True,False,True
calcom/cal.com,26735,25979,311,316,31.0,True,False,False,False,False,False
calcom/cal.com,27042,26206,312,317,77.0,False,False,False,False,False,False
calcom/cal.com,27635,27053,316,322,78.0,False,False,False,False,False,False
calcom/cal.com,26925,26775,318,323,62.0,False,True,False,False,False,False
calcom/cal.com,27574,25541,320,324,62.0,False,False,False,False,False,False
calcom/cal.com,27336,24728,323,324,66.0,True,True,False,False,False,False
calcom/cal.com,27571,26914,323,328,84.0,False,False,False,False,False,False
calcom/cal.com,27575,26458,327,329,74.0,True,False,False,False,False,False
calcom/cal.com,26870,26747,331,333,61.0,False,False,False,False,False,False
calcom/cal.com,27853,24988,354,354,66.0,False,False,False,False,False,False
calcom/cal.com,27224,26218,354,358,27.0,False,False,False,False,False,False
calcom/cal.com,27329,26391,358,359,89.0,False,True,False,False,False,False
calcom/cal.com,26860,24869,369,371,74.0,False,True,False,False,False,False
calcom/cal.com,27001,27289,371,377,28.0,False,False,False,False,False,False
calcom/cal.com,28021,26301,373,378,68.0,False,False,False,False,False,False
calcom/cal.com,27168,25948,381,382,54.0,False,False,False,False,False,False
calcom/cal.com,26852,24640,384,388,29.0,False,False,False,False,False,False
calcom/cal.com,27898,26801,387,392,80.0,False,False,False,False,False,False
calcom/cal.com,27370,25602,391,393,61.0,False,False,False,False,False,False
calcom/cal.com,28071,27608,392,397,87.0,False,False,False,False,False,False
calcom/cal.com,27290,26600,393,405,66.0,True,False,False,False,False,False
calcom/cal.com,26746,27751,395,406,55.0,False,False,False,False,False,False
calcom/cal.com,27725,27841,396,419,56.0,False,False,False,False,False,False
calcom/cal.com,26777,26104,398,425,47.0,True,False,False,False,False,False
calcom/cal.com,27310,27343,399,426,21.0,True,True,False,False,False,False
calcom/cal.com,26556,25123,400,427,74.0,False,False,False,False,False,False
calcom/cal.com,27599,26005,403,428,74.0,False,False,False,False,False,False
calcom/cal.com,26567,27831,405,446,68.0,False,False,False,False,False,False
calcom/cal.com,26569,26710,408,446,71.0,False,False,False,False,False,False
calcom/cal.com,26373,24553,413,446,66.0,True,False,False,False,False,False
calcom/cal.com,26843,26045,416,452,68.0,True,False,False,False,False,False
calcom/cal.com,28340,25794,422,454,62.0,True,False,False,False,False,False
calcom/cal.com,26976,25944,434,455,80.0,True,True,True,False,True,False
calcom/cal.com,26078,27586,439,457,70.0,False,False,False,False,False,False
calcom/cal.com,26524,26786,445,459,72.0,True,False,False,False,False,False
calcom/cal.com,27162,26295,463,463,62.0,False,False,False,False,False,False
calcom/cal.com,26195,26593,467,461,49.0,True,True,True,False,True,False
calcom/cal.com,22492,22434,475,480,77.0,False,False,False,False,False,False
calcom/cal.com,27523,26526,486,485,41.0,False,False,False,False,False,False
calcom/cal.com,27036,24871,489,488,70.0,True,True,False,False,False,False
calcom/cal.com,26975,26126,490,485,76.0,False,False,False,False,False,False
calcom/cal.com,28381,27578,491,496,72.0,False,True,False,False,False,False
calcom/cal.com,26854,26082,492,485,56.0,False,True,False,False,False,False
calcom/cal.com,24556,24896,493,502,59.0,False,False,False,False,False,False
calcom/cal.com,26000,25961,500,503,64.0,False,False,False,False,False,False
calcom/cal.com,26522,27405,508,515,80.0,False,True,False,False,False,False
calcom/cal.com,26756,25912,510,516,66.0,False,False,False,False,False,False
calcom/cal.com,27264,27152,512,522,86.0,False,False,False,False,False,False
calcom/cal.com,26841,26139,514,524,44.0,False,False,False,False,False,False
calcom/cal.com,25519,27373,534,529,69.0,False,True,False,False,False,False
calcom/cal.com,27973,27704,541,546,88.0,False,False,False,False,False,False
calcom/cal.com,27377,27120,542,548,80.0,False,False,False,False,False,False
calcom/cal.com,27383,27246,548,548,51.0,False,True,False,False,False,False
calcom/cal.com,27709,27669,549,559,83.0,True,False,False,False,False,False
calcom/cal.com,27200,27399,550,564,52.0,False,False,False,False,False,False
calcom/cal.com,27284,25113,551,565,54.0,False,True,False,False,False,False
calcom/cal.com,26509,27923,557,568,64.0,False,False,False,False,False,False
calcom/cal.com,25890,25895,562,569,56.0,False,False,False,False,False,False
calcom/cal.com,24773,25978,562,571,17.0,False,True,False,False,False,False
calcom/cal.com,26951,25067,564,578,89.0,True,True,False,False,False,False
calcom/cal.com,26687,26095,573,580,36.0,True,True,False,False,False,False
calcom/cal.com,27588,26093,577,584,85.0,False,False,False,False,False,False
calcom/cal.com,28032,26221,590,589,11.0,False,False,False,False,False,False
calcom/cal.com,26757,26348,591,599,80.0,False,False,False,False,False,False
calcom/cal.com,27525,26112,599,605,12.0,False,False,False,False,False,False
calcom/cal.com,26044,27942,599,606,51.0,True,False,False,False,False,False
calcom/cal.com,27378,25666,605,607,78.0,False,False,False,False,False,False
calcom/cal.com,27267,27258,630,631,68.0,False,True,False,True,False,True
calcom/cal.com,27728,26059,637,634,64.0,True,False,False,False,False,False
calcom/cal.com,23441,27564,642,643,11.0,False,False,False,False,False,False
calcom/cal.com,27821,26261,654,670,75.0,False,False,False,False,False,False
calcom/cal.com,27880,27409,686,685,71.0,True,True,False,True,False,True
calcom/cal.com,28305,26222,716,711,75.0,False,False,False,False,False,False
calcom/cal.com,26539,27158,725,730,65.0,True,True,False,False,False,False
calcom/cal.com,28288,27058,734,741,57.0,True,False,False,False,False,False
calcom/cal.com,26900,24780,736,742,86.0,False,False,False,False,False,False
calcom/cal.com,27389,27521,741,746,80.0,False,True,False,False,False,False
calcom/cal.com,27327,24661,768,773,77.0,False,False,False,False,False,False
calcom/cal.com,27088,26242,780,785,73.0,False,False,False,False,False,False
calcom/cal.com,27195,27439,784,801,66.0,False,False,False,False,False,False
calcom/cal.com,26597,25939,818,814,25.0,False,True,False,False,False,False
calcom/cal.com,27773,27697,849,848,76.0,False,False,False,False,False,False
calcom/cal.com,26818,25367,850,850,77.0,False,False,False,False,False,False
calcom/cal.com,23809,24997,894,897,67.0,False,False,False,False,False,False
calcom/cal.com,27020,26501,912,918,60.0,True,False,False,False,False,False
calcom/cal.com,26931,26594,914,868,68.0,True,False,False,False,False,False
calcom/cal.com,27664,25765,935,964,79.0,True,False,False,True,False,False
calcom/cal.com,26989,27647,943,971,35.0,False,False,False,False,False,False
calcom/cal.com,27928,27912,952,976,65.0,False,True,False,True,False,True
calcom/cal.com,27654,28141,956,1007,72.0,False,True,False,False,False,False
calcom/cal.com,27297,27428,976,1008,31.0,True,True,False,False,False,False
calcom/cal.com,25839,26803,1034,1031,70.0,False,True,False,False,False,False
calcom/cal.com,25739,26490,1051,1030,39.0,False,False,False,False,False,False
calcom/cal.com,26872,24159,1058,1013,23.0,False,True,False,False,False,False
calcom/cal.com,27318,27372,1097,1110,61.0,False,True,False,False,False,False
calcom/cal.com,26979,27698,1113,1125,24.0,False,True,False,False,False,False
calcom/cal.com,26480,26217,1115,1130,52.0,True,True,False,False,False,False
calcom/cal.com,27497,26733,1116,1144,57.0,True,False,True,False,True,False
calcom/cal.com,26599,25028,1184,1191,11.0,False,False,False,False,False,False
calcom/cal.com,27449,25845,1228,1211,77.0,False,False,False,False,False,False
calcom/cal.com,26715,27211,1313,1312,26.0,False,True,False,False,False,False
calcom/cal.com,27203,27215,1331,1347,62.0,False,False,False,False,False,False
calcom/cal.com,26363,26586,1392,1396,68.0,False,False,False,False,False,False
calcom/cal.com,26529,26446,1609,1610,48.0,True,True,False,False,False,False
calcom/cal.com,26046,26085,1651,1662,62.0,True,False,False,False,False,False
calcom/cal.com,26583,26193,1678,1676,71.0,True,False,False,False,False,False
calcom/cal.com,26625,26226,1697,1673,70.0,True,False,False,False,False,False
calcom/cal.com,26847,26039,1707,1733,57.0,False,True,False,False,False,False
calcom/cal.com,26827,27402,1840,1831,46.0,False,False,False,False,False,False
calcom/cal.com,26570,26387,2020,1982,78.0,False,False,False,False,False,False
calcom/cal.com,25989,27570,2037,2063,76.0,True,True,False,False,False,False
calcom/cal.com,26560,26523,2145,2197,24.0,False,True,False,False,False,False
calcom/cal.com,26545,27442,2281,2261,55.0,False,True,False,False,False,False
calcom/cal.com,26608,27186,2322,2308,61.0,False,False,False,False,False,False
calcom/cal.com,27650,26994,2332,2304,61.0,True,False,True,False,True,False
calcom/cal.com,27458,27063,2368,2244,61.0,True,False,True,False,True,False
calcom/cal.com,27087,26240,2386,2498,65.0,False,True,False,False,False,False
calcom/cal.com,27867,25892,2406,2543,65.0,True,True,False,False,False,False
calcom/cal.com,27445,25859,2642,2640,63.0,False,True,False,False,False,False
calcom/cal.com,26752,27714,2920,2859,53.0,True,False,False,False,False,False
calcom/cal.com,26544,25284,2944,2823,87.0,True,False,False,False,False,False
calcom/cal.com,28080,26588,2945,3069,70.0,True,True,False,False,False,False
calcom/cal.com,27639,26204,3017,3115,11.0,False,True,False,True,False,True
calcom/cal.com,26982,26385,3299,3309,73.0,True,False,False,False,False,False
calcom/cal.com,26517,26007,3547,3543,63.0,False,True,False,False,False,False
calcom/cal.com,27206,26351,3656,3669,63.0,False,True,False,True,False,True
calcom/cal.com,27014,25872,5450,5505,74.0,False,True,False,False,False,False
calcom/cal.com,26434,26449,6205,6262,33.0,True,False,False,False,False,False
calcom/cal.com,26776,26185,6314,6301,12.0,False,False,False,False,False,False
calcom/cal.com,27305,26068,7754,7765,25.0,True,True,False,False,False,False
calcom/cal.com,27692,24385,8560,8623,72.0,True,False,False,False,False,False
calcom/cal.com,27844,26219,8918,7824,67.0,True,False,False,False,False,False
calcom/cal.com,27427,27529,11973,13386,71.0,False,False,False,False,False,False
calcom/cal.com,26918,24402,18731,17559,52.0,False,False,False,False,False,False
calcom/cal.com,27957,24598,58173,42051,87.0,False,True,False,False,False,False
mendableai/firecrawl,2472,3194,1,1,55.0,False,False,False,False,False,False
mendableai/firecrawl,2953,2252,1,1,58.0,False,False,False,False,False,False
mendableai/firecrawl,3059,3174,2,2,31.0,False,False,False,False,False,False
mendableai/firecrawl,2820,3006,2,2,48.0,False,True,False,False,False,False
mendableai/firecrawl,2512,2996,2,2,62.0,False,True,False,False,False,False
mendableai/firecrawl,2722,2995,2,2,67.0,False,True,False,False,False,False
mendableai/firecrawl,3058,2982,2,2,19.0,True,False,False,False,False,False
mendableai/firecrawl,2695,2911,2,2,58.0,True,True,False,False,False,False
mendableai/firecrawl,2984,2892,2,2,28.0,False,False,False,False,False,False
mendableai/firecrawl,2983,2696,2,2,30.0,False,False,False,False,False,False
mendableai/firecrawl,2976,2644,2,2,27.0,True,False,False,False,False,False
mendableai/firecrawl,2975,2944,2,3,25.0,True,False,False,False,False,False
mendableai/firecrawl,2973,2941,2,3,47.0,True,False,False,False,False,False
mendableai/firecrawl,2849,2428,2,3,74.0,False,False,False,False,False,False
mendableai/firecrawl,2115,3095,2,4,44.0,False,False,False,False,False,False
mendableai/firecrawl,2958,2942,2,4,36.0,False,False,False,False,False,False
mendableai/firecrawl,2258,3056,3,5,42.0,False,False,False,False,False,False
mendableai/firecrawl,2889,2986,3,6,56.0,False,False,False,False,False,False
mendableai/firecrawl,2664,2969,4,7,70.0,True,False,False,False,False,False
mendableai/firecrawl,2652,2560,4,7,29.0,True,False,False,False,False,False
mendableai/firecrawl,2550,2939,4,8,62.0,False,False,False,False,False,False
mendableai/firecrawl,3216,2914,4,8,62.0,False,False,False,False,False,False
mendableai/firecrawl,2782,2352,4,8,45.0,False,False,False,False,False,False
mendableai/firecrawl,2270,2285,4,8,53.0,False,False,False,False,False,False
mendableai/firecrawl,2479,2910,5,9,31.0,False,False,False,False,False,False
mendableai/firecrawl,2567,2367,5,9,31.0,False,False,False,False,False,False
mendableai/firecrawl,2886,2657,5,10,47.0,False,True,False,False,False,False
mendableai/firecrawl,2301,2771,6,11,35.0,False,False,False,False,False,False
mendableai/firecrawl,2805,2421,6,11,29.0,True,False,False,False,False,False
mendableai/firecrawl,2323,3178,6,12,59.0,False,False,False,False,False,False
mendableai/firecrawl,2471,2970,6,12,83.0,False,False,False,False,False,False
mendableai/firecrawl,2489,2770,6,12,53.0,False,False,False,False,False,False
mendableai/firecrawl,2425,2646,6,12,30.0,False,False,False,False,False,False
mendableai/firecrawl,3200,2240,6,12,65.0,False,False,False,False,False,False
mendableai/firecrawl,2376,2237,7,13,48.0,False,False,False,False,False,False
mendableai/firecrawl,2847,2209,7,13,90.0,True,False,False,False,False,False
mendableai/firecrawl,2235,3067,7,14,54.0,False,False,False,False,False,False
mendableai/firecrawl,3195,3065,7,14,55.0,False,True,False,True,False,True
mendableai/firecrawl,2688,2987,7,14,61.0,True,False,False,False,False,False
mendableai/firecrawl,2544,2429,8,14,54.0,False,False,False,False,False,False
mendableai/firecrawl,2681,2232,8,14,64.0,False,False,False,False,False,False
mendableai/firecrawl,2807,2940,8,15,61.0,False,True,False,False,False,False
mendableai/firecrawl,2457,2902,8,15,58.0,False,False,False,True,False,False
mendableai/firecrawl,2989,2605,8,15,65.0,False,False,False,False,False,False
mendableai/firecrawl,2780,2440,8,15,49.0,False,True,False,False,False,False
mendableai/firecrawl,2689,2737,8,16,57.0,False,False,False,False,False,False
mendableai/firecrawl,2469,2673,9,16,54.0,True,True,False,False,False,False
mendableai/firecrawl,2277,2573,9,16,41.0,False,True,False,False,False,False
mendableai/firecrawl,2637,2561,9,16,64.0,False,False,False,False,False,False
mendableai/firecrawl,2832,2450,9,16,70.0,False,False,False,False,False,False
mendableai/firecrawl,2694,2447,9,16,59.0,False,False,False,False,False,False
mendableai/firecrawl,2618,2324,10,17,50.0,False,False,False,False,False,False
mendableai/firecrawl,3218,2845,10,19,57.0,False,True,False,True,False,True
mendableai/firecrawl,2442,2699,10,20,35.0,False,False,False,False,False,False
mendableai/firecrawl,2495,2536,11,22,58.0,False,True,False,False,False,False
mendableai/firecrawl,2775,2502,11,22,68.0,False,False,False,False,False,False
mendableai/firecrawl,2848,2638,12,23,44.0,False,False,False,False,False,False
mendableai/firecrawl,2490,3158,12,24,74.0,False,False,False,False,False,False
mendableai/firecrawl,2710,2927,12,24,58.0,False,False,False,False,False,False
mendableai/firecrawl,2540,2683,12,24,53.0,False,False,False,False,False,False
mendableai/firecrawl,2776,2842,13,26,80.0,False,False,False,False,False,False
mendableai/firecrawl,2937,2338,14,28,68.0,False,True,False,False,False,False
mendableai/firecrawl,2622,2593,15,29,43.0,False,False,False,False,False,False
mendableai/firecrawl,2300,2545,15,29,52.0,False,True,False,False,False,False
mendableai/firecrawl,2677,2707,15,30,70.0,False,False,False,False,False,False
mendableai/firecrawl,2336,2679,15,30,50.0,False,False,False,False,False,False
mendableai/firecrawl,3133,2663,16,30,61.0,False,True,False,False,False,False
mendableai/firecrawl,2784,2530,16,30,50.0,False,True,False,False,False,False
mendableai/firecrawl,2556,2674,16,32,25.0,False,False,False,False,False,False
mendableai/firecrawl,2484,2571,16,32,55.0,True,False,False,False,False,False
mendableai/firecrawl,2299,3223,18,33,78.0,True,False,False,False,False,False
mendableai/firecrawl,2834,2444,18,34,70.0,True,False,False,False,False,False
mendableai/firecrawl,3063,2402,19,34,58.0,False,True,False,False,False,False
mendableai/firecrawl,2714,2346,20,36,31.0,False,False,False,False,False,False
mendableai/firecrawl,2979,3177,21,39,62.0,False,True,False,False,False,False
mendableai/firecrawl,2519,2968,22,39,56.0,True,True,False,False,False,False
mendableai/firecrawl,3173,2985,22,41,69.0,False,True,False,False,False,False
mendableai/firecrawl,2720,2244,22,41,26.0,False,False,False,False,False,False
mendableai/firecrawl,2864,2988,22,42,24.0,True,False,False,False,False,False
mendableai/firecrawl,3196,2767,22,43,58.0,True,False,False,False,False,False
mendableai/firecrawl,2869,3181,23,45,49.0,False,False,False,False,False,False
mendableai/firecrawl,3186,2396,23,45,63.0,False,False,False,False,False,False
mendableai/firecrawl,2602,2297,24,46,58.0,True,False,False,False,False,False
mendableai/firecrawl,2624,2926,24,47,61.0,False,False,False,False,False,False
mendableai/firecrawl,2686,2414,25,49,63.0,False,True,False,False,False,False
mendableai/firecrawl,2466,2298,25,49,36.0,False,False,False,False,False,False
mendableai/firecrawl,3167,2287,26,50,89.0,False,False,False,False,False,False
mendableai/firecrawl,3179,2773,27,52,60.0,False,False,False,False,False,False
mendableai/firecrawl,2555,2462,29,52,68.0,False,False,False,False,False,False
mendableai/firecrawl,2342,2570,29,53,55.0,False,False,False,False,False,False
mendableai/firecrawl,2693,2276,29,54,80.0,False,True,False,False,False,False
mendableai/firecrawl,2826,2533,30,55,57.0,False,False,False,False,False,False
mendableai/firecrawl,2630,2635,30,58,32.0,False,True,False,True,False,True
mendableai/firecrawl,3228,2650,32,61,87.0,False,False,False,False,False,False
mendableai/firecrawl,2325,2424,32,61,59.0,False,False,False,False,False,False
mendableai/firecrawl,2920,2875,33,62,34.0,False,True,False,False,False,False
mendableai/firecrawl,2685,2680,34,62,54.0,False,False,False,False,False,False
mendableai/firecrawl,3119,2936,35,63,54.0,False,False,False,False,False,False
mendableai/firecrawl,2527,2439,36,63,56.0,False,True,False,False,False,False
mendableai/firecrawl,2448,2601,36,66,42.0,False,False,False,False,False,False
mendableai/firecrawl,2923,2267,37,66,65.0,False,False,False,False,False,False
mendableai/firecrawl,2526,2991,37,69,50.0,False,True,False,False,False,False
mendableai/firecrawl,2241,2628,37,69,50.0,False,False,False,False,False,False
mendableai/firecrawl,2642,3176,38,72,29.0,False,False,False,False,False,False
mendableai/firecrawl,2504,2538,39,76,84.0,False,False,False,False,False,False
mendableai/firecrawl,2709,2480,40,79,48.0,False,False,False,False,False,False
mendableai/firecrawl,2385,2475,41,80,56.0,False,False,False,False,False,False
mendableai/firecrawl,2242,3007,42,84,48.0,False,False,False,False,False,False
mendableai/firecrawl,2786,2415,43,85,66.0,False,True,False,False,False,False
mendableai/firecrawl,2345,2477,44,86,50.0,False,False,False,False,False,False
mendableai/firecrawl,2868,2928,44,88,63.0,False,True,False,False,False,False
mendableai/firecrawl,2684,2621,46,89,87.0,True,True,False,False,False,False
mendableai/firecrawl,2614,2816,46,92,62.0,False,False,False,False,False,False
mendableai/firecrawl,2918,2777,48,96,64.0,True,False,False,False,False,False
mendableai/firecrawl,2341,3132,51,101,49.0,False,False,False,False,False,False
mendableai/firecrawl,2430,2633,51,102,54.0,True,True,False,False,False,False
mendableai/firecrawl,3145,2704,56,111,72.0,True,False,False,False,False,False
mendableai/firecrawl,3118,2859,63,125,60.0,False,True,False,False,False,False
mendableai/firecrawl,2837,3057,64,127,48.0,False,False,False,False,False,False
mendableai/firecrawl,2682,2476,68,136,78.0,True,False,False,False,False,False
mendableai/firecrawl,2667,2915,72,139,53.0,False,False,False,False,False,False
mendableai/firecrawl,2919,2603,75,139,66.0,False,True,False,False,False,False
mendableai/firecrawl,2841,2799,75,140,65.0,False,False,False,False,False,False
mendableai/firecrawl,2700,2935,76,142,66.0,False,True,False,False,False,False
mendableai/firecrawl,2899,2547,79,144,89.0,False,False,False,False,False,False
mendableai/firecrawl,3215,2193,81,144,71.0,False,False,False,False,False,False
mendableai/firecrawl,2361,2793,84,147,64.0,False,False,False,False,False,False
mendableai/firecrawl,2523,2909,85,156,48.0,False,False,False,False,False,False
mendableai/firecrawl,2515,3231,86,157,68.0,False,False,False,False,False,False
mendableai/firecrawl,3229,2645,89,160,66.0,False,False,False,False,False,False
mendableai/firecrawl,2539,2564,89,162,37.0,False,False,False,False,False,False
mendableai/firecrawl,2548,2879,92,163,56.0,False,False,False,False,False,False
mendableai/firecrawl,2717,2233,94,169,52.0,True,True,False,False,False,False
mendableai/firecrawl,2465,2412,94,176,50.0,False,True,False,False,False,False
mendableai/firecrawl,2357,2453,94,179,87.0,False,True,False,False,False,False
mendableai/firecrawl,2290,2870,98,181,58.0,False,True,False,False,False,False
mendableai/firecrawl,2418,3226,101,183,37.0,False,False,False,False,False,False
mendableai/firecrawl,3224,2897,102,185,66.0,False,True,False,False,False,False
mendableai/firecrawl,2817,3142,102,195,52.0,False,False,False,False,False,False
mendableai/firecrawl,2585,2934,108,207,53.0,False,True,False,False,False,False
mendableai/firecrawl,3109,2660,120,239,55.0,False,False,False,False,False,False
mendableai/firecrawl,2728,2785,127,251,77.0,False,False,False,False,False,False
mendableai/firecrawl,2608,2534,128,251,54.0,False,False,False,False,False,False
mendableai/firecrawl,2329,2697,129,252,73.0,True,True,True,False,True,False
mendableai/firecrawl,2452,3143,132,260,66.0,True,False,False,False,False,False
mendableai/firecrawl,2518,3217,140,278,68.0,False,False,False,False,False,False
mendableai/firecrawl,3180,2943,155,285,72.0,True,False,False,False,False,False
mendableai/firecrawl,2435,2420,155,290,58.0,False,True,False,False,False,False
mendableai/firecrawl,2947,2992,156,293,64.0,True,False,False,False,False,False
mendableai/firecrawl,2392,2288,158,313,71.0,False,False,False,False,False,False
mendableai/firecrawl,2488,2724,172,320,70.0,False,False,False,False,False,False
mendableai/firecrawl,2482,3128,174,323,56.0,True,False,False,False,False,False
mendableai/firecrawl,2314,2230,178,327,43.0,False,False,False,False,False,False
mendableai/firecrawl,2948,3222,222,441,89.0,False,False,False,False,False,False
mendableai/firecrawl,2955,3139,246,475,63.0,True,False,False,False,False,False
mendableai/firecrawl,2788,2284,269,490,50.0,True,False,False,False,False,False
mendableai/firecrawl,2463,2501,276,524,62.0,False,False,False,False,False,False
mendableai/firecrawl,2708,2929,290,529,29.0,True,True,False,False,False,False
mendableai/firecrawl,2872,2441,299,571,78.0,False,False,False,False,False,False
mendableai/firecrawl,2830,2309,300,573,67.0,False,True,False,False,False,False
mendableai/firecrawl,2796,2225,324,633,60.0,False,False,False,False,False,False
mendableai/firecrawl,2371,3138,346,676,77.0,True,True,False,False,False,False
mendableai/firecrawl,2705,2839,360,719,54.0,False,True,False,False,False,False
mendableai/firecrawl,2794,2218,391,764,52.0,True,False,False,False,False,False
mendableai/firecrawl,2876,2321,402,786,33.0,False,False,False,False,False,False
mendableai/firecrawl,2808,2217,490,813,69.0,False,False,False,False,False,False
mendableai/firecrawl,2348,2803,509,845,53.0,False,False,False,False,False,False
mendableai/firecrawl,2456,2289,533,896,44.0,True,True,False,False,False,False
mendableai/firecrawl,2058,2981,557,957,77.0,True,True,False,False,False,False
mendableai/firecrawl,2360,2962,571,998,78.0,True,True,False,False,False,False
mendableai/firecrawl,2938,2822,631,1047,20.0,True,False,False,False,False,False
mendableai/firecrawl,2305,3055,647,1135,57.0,False,True,False,False,False,False
mendableai/firecrawl,2790,2362,835,1608,60.0,False,False,False,False,False,False
mendableai/firecrawl,3161,2496,894,1780,7.0,False,True,False,False,False,False
mendableai/firecrawl,2727,2248,929,1798,28.0,False,True,False,False,False,False
mendableai/firecrawl,2860,2320,1007,1892,67.0,True,True,False,False,False,False
mendableai/firecrawl,2581,2326,1236,2389,54.0,True,True,False,False,False,False
mendableai/firecrawl,2473,2271,1818,3475,18.0,True,False,False,False,False,False
mendableai/firecrawl,2302,2783,2317,3599,44.0,False,False,False,False,False,False
mendableai/firecrawl,2438,2419,2496,3726,32.0,True,True,False,False,False,False
mendableai/firecrawl,2219,2369,2814,4384,46.0,False,False,False,False,False,False
mendableai/firecrawl,2266,2904,3081,5229,62.0,False,False,False,False,False,False
promptfoo/promptfoo,6937,8031,1,2,57.0,False,False,False,False,False,False
promptfoo/promptfoo,7005,7784,1,2,64.0,False,False,False,False,False,False
promptfoo/promptfoo,6579,7605,1,2,61.0,False,False,False,False,False,False
promptfoo/promptfoo,7195,6879,1,2,86.0,False,False,False,False,False,False
promptfoo/promptfoo,6588,6768,1,2,84.0,False,False,False,False,False,False
promptfoo/promptfoo,6813,6693,2,2,40.0,False,False,False,False,False,False
promptfoo/promptfoo,7053,7953,2,4,39.0,False,False,False,False,False,False
promptfoo/promptfoo,7049,7850,2,4,73.0,False,True,False,False,False,False
promptfoo/promptfoo,5041,7684,2,4,39.0,False,True,False,False,False,False
promptfoo/promptfoo,7719,7667,2,4,52.0,False,False,False,False,False,False
promptfoo/promptfoo,7603,7575,2,4,42.0,False,False,False,False,False,False
promptfoo/promptfoo,7224,6427,2,4,71.0,False,False,False,False,False,False
promptfoo/promptfoo,6576,8253,3,5,70.0,False,False,False,False,False,False
promptfoo/promptfoo,6467,8279,3,5,59.0,False,False,False,False,False,False
promptfoo/promptfoo,7328,7775,3,6,89.0,False,False,False,False,False,False
promptfoo/promptfoo,6886,7702,3,6,86.0,False,True,False,False,False,False
promptfoo/promptfoo,8244,7029,3,6,66.0,False,False,False,False,False,False
promptfoo/promptfoo,8296,6684,3,6,58.0,False,True,False,False,False,False
promptfoo/promptfoo,7987,6604,3,6,65.0,False,False,False,False,False,False
promptfoo/promptfoo,7842,6512,4,7,27.0,False,False,False,False,False,False
promptfoo/promptfoo,7939,7585,4,8,28.0,False,False,False,False,False,False
promptfoo/promptfoo,8042,6498,4,8,28.0,False,True,False,False,False,False
promptfoo/promptfoo,7773,6489,5,9,22.0,False,False,False,False,False,False
promptfoo/promptfoo,7316,7396,5,10,28.0,False,True,False,False,False,False
promptfoo/promptfoo,6953,8013,6,11,65.0,False,False,False,False,False,False
promptfoo/promptfoo,7313,7600,7,14,72.0,False,False,False,False,False,False
promptfoo/promptfoo,7868,6734,7,14,47.0,False,False,False,False,False,False
promptfoo/promptfoo,7776,7865,8,15,43.0,False,False,False,False,False,False
promptfoo/promptfoo,7167,7464,8,16,38.0,False,False,False,False,False,False
promptfoo/promptfoo,8281,7652,11,22,20.0,False,False,False,False,False,False
promptfoo/promptfoo,6627,6448,13,26,69.0,False,False,False,False,False,False
promptfoo/promptfoo,7116,6436,13,26,71.0,False,False,False,False,False,False
promptfoo/promptfoo,8300,7628,15,29,70.0,False,False,False,False,False,False
promptfoo/promptfoo,7804,6854,16,31,50.0,False,False,False,False,False,False
promptfoo/promptfoo,8211,6505,16,32,46.0,False,False,False,False,False,False
promptfoo/promptfoo,7679,7654,19,37,20.0,False,False,False,False,False,False
promptfoo/promptfoo,6418,8001,20,39,66.0,False,False,False,False,False,False
promptfoo/promptfoo,7969,7941,20,40,61.0,False,True,False,False,False,False
promptfoo/promptfoo,6441,6543,20,40,24.0,False,False,False,False,False,False
promptfoo/promptfoo,7866,6471,20,40,53.0,False,True,False,False,False,False
promptfoo/promptfoo,7302,7427,22,43,59.0,False,False,False,False,False,False
promptfoo/promptfoo,7934,6465,23,45,17.0,False,True,False,False,False,False
promptfoo/promptfoo,7806,6500,24,48,42.0,False,False,False,False,False,False
promptfoo/promptfoo,6978,7428,30,59,28.0,False,True,False,False,False,False
promptfoo/promptfoo,7120,6710,30,59,28.0,False,True,False,False,False,False
promptfoo/promptfoo,7989,8096,31,62,73.0,False,False,False,False,False,False
promptfoo/promptfoo,7488,7035,33,66,72.0,False,False,False,False,False,False
promptfoo/promptfoo,6977,6107,35,70,72.0,False,False,False,False,False,False
promptfoo/promptfoo,7610,6568,36,72,78.0,False,False,False,False,False,False
promptfoo/promptfoo,8168,7426,39,78,19.0,False,False,False,False,False,False
promptfoo/promptfoo,8179,7668,44,88,51.0,False,False,False,False,False,False
promptfoo/promptfoo,7249,8078,46,91,61.0,True,False,False,False,False,False
promptfoo/promptfoo,7829,7754,47,94,80.0,False,False,False,False,False,False
promptfoo/promptfoo,7358,7713,47,94,64.0,True,False,False,False,False,False
promptfoo/promptfoo,7752,6490,50,100,72.0,False,False,False,False,False,False
promptfoo/promptfoo,6636,6484,52,104,50.0,False,False,False,False,False,False
promptfoo/promptfoo,7800,8129,58,116,51.0,False,False,False,False,False,False
promptfoo/promptfoo,7363,6580,59,116,1.0,False,False,False,False,False,False
promptfoo/promptfoo,7309,6454,59,117,67.0,True,False,False,False,False,False
promptfoo/promptfoo,7004,7827,62,123,53.0,False,True,False,False,False,False
promptfoo/promptfoo,6681,6506,73,145,38.0,False,False,False,False,False,False
promptfoo/promptfoo,7858,7940,75,150,58.0,False,False,False,False,False,False
promptfoo/promptfoo,6479,6557,76,152,81.0,False,True,False,False,False,False
promptfoo/promptfoo,6906,6848,79,158,70.0,False,False,False,False,False,False
promptfoo/promptfoo,6655,6895,95,190,65.0,False,False,False,False,False,False
promptfoo/promptfoo,7777,6581,98,195,46.0,False,False,False,False,False,False
promptfoo/promptfoo,6826,7883,106,210,76.0,False,False,False,False,False,False
promptfoo/promptfoo,7001,6932,107,212,59.0,True,False,False,False,False,False
promptfoo/promptfoo,7979,6537,116,231,54.0,True,False,False,False,False,False
promptfoo/promptfoo,8299,7558,121,241,72.0,False,False,False,False,False,False
promptfoo/promptfoo,8318,7440,126,247,42.0,False,True,False,False,False,False
promptfoo/promptfoo,7142,6878,127,254,86.0,False,False,False,False,False,False
promptfoo/promptfoo,7282,6618,133,266,37.0,False,False,False,False,False,False
promptfoo/promptfoo,6753,6449,159,318,64.0,False,False,False,False,False,False
promptfoo/promptfoo,6785,6584,167,334,52.0,True,False,False,False,False,False
promptfoo/promptfoo,6839,6613,212,423,75.0,False,False,False,False,False,False
promptfoo/promptfoo,7552,6702,227,453,70.0,False,False,False,False,False,False
promptfoo/promptfoo,7891,6531,231,462,65.0,True,False,False,False,False,False
promptfoo/promptfoo,6980,6460,251,502,21.0,False,True,False,False,False,False
promptfoo/promptfoo,8216,6526,255,509,57.0,False,False,False,False,False,False
promptfoo/promptfoo,6784,8320,282,560,74.0,False,False,False,False,False,False
promptfoo/promptfoo,7811,7028,294,586,73.0,False,False,False,False,False,False
promptfoo/promptfoo,7674,7948,407,804,59.0,False,False,False,False,False,False
promptfoo/promptfoo,6716,6518,639,1278,51.0,True,True,False,False,False,False
promptfoo/promptfoo,6529,6883,745,1486,70.0,False,False,False,False,False,False
promptfoo/promptfoo,8012,6966,870,1723,58.0,False,True,False,False,False,False
promptfoo/promptfoo,6982,5594,890,1753,50.0,True,True,False,False,False,False
promptfoo/promptfoo,8185,6334,903,1790,58.0,False,True,False,False,False,False
promptfoo/promptfoo,8087,7494,1008,2000,62.0,False,False,False,False,False,False
promptfoo/promptfoo,6904,6406,1397,2722,80.0,False,True,False,False,False,False
promptfoo/promptfoo,5967,6424,1617,3231,77.0,False,True,False,False,False,False
promptfoo/promptfoo,6520,6472,2074,4145,52.0,True,True,False,False,False,False
